<?xml version="1.0" ?>
<LOG_ROOT>
	<PROJECT NAME="DE0">
		<CBX_INST_ENTRY INSTANCE_NAME="|TOP_LEVEL|analyse:analyse1|BCD:BCDD|diviseur:div1|lpm_divide:Div0" CBX_FILE_NAME="lpm_divide_92p.tdf"/>
		<CBX_INST_ENTRY INSTANCE_NAME="|TOP_LEVEL|analyse:analyse1|BCD:BCDH|diviseur:div1|lpm_divide:Div0" CBX_FILE_NAME="lpm_divide_92p.tdf"/>
		<CBX_INST_ENTRY INSTANCE_NAME="|TOP_LEVEL|analyse:analyse1|BCD:BCDT|diviseur:div1|lpm_divide:Div0" CBX_FILE_NAME="lpm_divide_92p.tdf"/>
		<CBX_INST_ENTRY INSTANCE_NAME="|TOP_LEVEL|div:clock_low|lpm_counter:LPM_COUNTER_component" CBX_FILE_NAME="cntr_tpj.tdf"/>
		<CBX_INST_ENTRY INSTANCE_NAME="|TOP_LEVEL|analyse:analyse1|BCD:BCDMTH|diviseur:div1|lpm_divide:Div0" CBX_FILE_NAME="lpm_divide_92p.tdf"/>
		<CBX_INST_ENTRY INSTANCE_NAME="|TOP_LEVEL|analyse:analyse1|BCD:BCDM|diviseur:div1|lpm_divide:Div0" CBX_FILE_NAME="lpm_divide_92p.tdf"/>
		<CBX_INST_ENTRY INSTANCE_NAME="|TOP_LEVEL|analyse:analyse1|BCD:BCDS|diviseur:div1|lpm_divide:Div0" CBX_FILE_NAME="lpm_divide_92p.tdf"/>
	</PROJECT>
</LOG_ROOT>
